{
  "tasks": [
    {
      "label": "test",
      "description": "XGFCT",
      "category": "fygy",
      "done": "12-01-2022",
      "id": 4
    },
    {
      "label": "test",
      "description": "xsa",
      "category": "asx",
      "done": "12-01-2022",
      "id": 5
    },
    {
      "label": "tesrte",
      "description": "hb",
      "category": "twsr",
      "done": false,
      "id": 6
    },
    {
      "label": "Value",
      "description": "check value",
      "category": "Data",
      "done": "12-01-2022",
      "id": 7
    }
  ]
}